{"observation -1 mean": 0.16951583325862885, "observation -1 std": 0.5218583345413208, "observation -2 mean": -0.02593434974551201, "observation -2 std": 0.2578759789466858, "observation -3 mean": 0.0615396574139595, "observation -3 std": 0.16387923061847687, "motor force mean": 23301246.0, "motor force std": 5251279.5}